,SPEC1DNAME,ABANDCOR,ABANDCOR_ne,ABANDCOR_pe,VOBS,VOBS_ne,VOBS_pe
0,spec1d.vdgc1.011.gcA10.fits.gz,78.81452,23.015923,25.247467,1810.4825,5.403738,7.014853
1,spec1d.vdgc1.012.gcA17.fits.gz,-2.181509,8.245705,6.884763,1855.5137,6.2042923,6.974825
2,spec1d.vdgc1.014.gcA19.fits.gz,4.5231295,1.9613569,2.8920007,1821.8304,6.584555,3.3122916
3,spec1d.vdgc1.015.gcA20.fits.gz,370.1761,59.210964,67.03638,1875.8278,0.23015922,0.69047767
4,spec1d.vdgc1.026.gcN120.fits.gz,-4.763295,5.98414,4.1028385,1333.0521,9.956888,12.498647
5,spec1d.vdgc1.027.gcN138.fits.gz,16.761597,10.467241,10.147019,1369.9778,7.795393,9.316445
6,spec1d.vdgc1.029.gcN145.fits.gz,1.8112531,7.5852475,8.415822,1330.3203,7.475171,7.775379
7,spec1d.vdgc1.030.gcN147.fits.gz,3.082132,2.1114607,1.5010384,1376.2621,4.2029076,7.945497
8,spec1d.vdgc1.037.gcN206.fits.gz,4.4730945,3.38234,3.4223676,1669.485,10.317138,10.947573
9,spec1d.vdgc1.038.gcN210.fits.gz,-17.882372,13.409277,13.359242,1670.9459,13.409277,15.350619
10,spec1d.vdgc2.010.gcA10.fits.gz,-13.799546,4.6231985,2.6118069,1089.4836,6.594562,6.1742716
11,spec1d.vdgc2.011.gcA11.fits.gz,4.593178,3.77261,4.242935,1037.5577,7.8254137,7.735351
12,spec1d.vdgc2.013.gcA15.fits.gz,-2.1414814,3.3423123,3.2622569,1052.0979,8.115615,9.946881
13,spec1d.vdgc2.015.gcA17.fits.gz,-3.362326,41.16848,23.40619,1121.636,14.550066,32.0922
14,spec1d.vdgc2.017.gcA27.fits.gz,-0.24016616,7.705331,3.9327207,1038.6686,10.717415,26.418276
15,spec1d.vdgc2.029.gcN183.fits.gz,7.255019,2.0314054,3.38234,1323.9259,3.7325823,2.8920007
16,spec1d.vdgc2.035.gcN244.fits.gz,-8.956196,4.152873,4.3530116,1242.1593,4.1228523,5.6338973
17,spec1d.vdgc2.036.gcN253.fits.gz,-18.01246,4.42306,3.2022152,1506.7323,6.76468,4.2029076
18,spec1d.vdgc2.051.gcN395.fits.gz,40.177795,16.251244,13.009,1120.8954,10.417207,10.937566
19,spec1d.vdgc3.009.gcA8.fits.gz,27.048712,4.8633647,4.0728173,1026.7704,8.155642,8.836113
20,spec1d.vdgc3.010.gcA9.fits.gz,-1.7912391,6.0541883,6.9147835,1021.76685,41.218513,57.279625
21,spec1d.vdgc3.011.gcA10.fits.gz,18.142551,7.635282,6.774687,1124.1577,6.3143682,7.275033
22,spec1d.vdgc3.034.gcN103.fits.gz,-6.594562,7.355088,9.676694,859.3545,7.6753097,5.7239594
23,spec1d.vdgc4B.006.gcA12.fits.gz,-2.9320285,4.0828247,5.7239594,1537.3835,8.005538,8.97621
24,spec1d.vdgc4B.007.gcA21.fits.gz,-19.273333,17.53213,11.638051,1601.1477,0.0,10.847505
25,spec1d.vdgc4B.008.gcA24.fits.gz,-15.420669,5.433759,7.05488,1517.8801,0.0,4.5831704
26,spec1d.vdgc4B.009.gcA25.fits.gz,4.3530116,4.3830323,6.2243056,1514.2175,5.5238214,4.002769
27,spec1d.vdgc4B.010.gcA29.fits.gz,15.150481,7.705331,6.9448047,-494.69223,9.106299,9.476556
28,spec1d.vdgc5.005.serendip1.fits.gz,24.637043,4.7532883,4.913399,1912.5232,0.39027,5.4237523
29,spec1d.vdgc5.006.gcA13.fits.gz,34.293724,17.912392,20.68431,1535.7925,8.135628,5.834036
30,spec1d.vdgc5.006.serendip1.fits.gz,-48.353455,1.4409969,1.3309207,1543.3378,5.2936625,4.5731635
31,spec1d.vdgc5.007.gcA16.fits.gz,-14.850273,2.0314054,2.201523,1497.8362,1.9713638,0.8405815
32,spec1d.vdgc5.008.gcA19.fits.gz,-29.030085,2.3516269,2.6618414,1546.67,16.94172,19.503492
33,spec1d.vdgc5.009.serendip1.fits.gz,1.6111146,23.7064,44.94109,1516.0488,16.211216,38.576687
34,spec1d.vdgc5.011.gcA30.fits.gz,-14.6001005,7.7553654,8.776072,1497.2657,11.668072,11.417899
35,spec1d.vdgc5.031.gcN199.fits.gz,14.319906,3.8826861,5.433759,1884.0435,10.267102,7.2049847
36,spec1d.vdgc6.007.gcA8.fits.gz,0.010006923,1.5010384,1.7211907,2104.8762,5.994147,6.9047766
37,spec1d.vdgc6.009.gcA10.fits.gz,3.742589,1.5110455,1.8012462,2077.7573,2.691862,2.821952
38,spec1d.vdgc6.010.gcA11.fits.gz,5.113538,2.0213983,1.7111838,2084.5122,2.9720562,3.3523192
39,spec1d.vdgc6.011.gcA16.fits.gz,4.3430047,2.1214676,2.591793,2271.0913,13.2491665,9.846812
40,spec1d.vdgc6.012.gcA18.fits.gz,28.089432,10.707408,13.579394,1913.3236,39.627415,38.71678
41,spec1d.vdgc6.013.gcA19.fits.gz,17.251936,5.5438356,4.673233,2002.2853,21.805084,28.09944
42,spec1d.vdgc6.014.gcA21.fits.gz,12.148404,5.2336206,6.754673,2117.8452,6.0541883,7.255019
43,spec1d.vdgc6.015.gcA23.fits.gz,23.396185,7.435144,7.6753097,2163.947,12.218453,9.726729
44,spec1d.vdgc6.016.gcA29.fits.gz,0.13009,0.0,0.13009,2002.9657,56.819305,30.280949
45,spec1d.vdgc6.017.serendip1.fits.gz,-1.2108377,5.693939,3.5424507,2095.0994,4.9934545,8.335767
46,spec1d.vdgc6.018.gcA31.fits.gz,0.15010384,15.100447,8.275725,1997.9121,26.318207,62.873497
47,spec1d.vdgc6.019.gcA33.fits.gz,18.332682,6.744666,5.4137454,2076.006,25.737806,25.547674
48,spec1d.vdgc6.021.gcA45.fits.gz,-5.2936625,16.061111,10.527283,2068.1208,1.1808169,3.5524576
49,spec1d.vdgc6.034.gcN184.fits.gz,7.275033,2.6018,2.3716407,2261.2944,6.76468,5.904084
50,spec1d.vdgc6.035.gcN187.fits.gz,5.643904,1.9713638,1.7812324,2281.0981,2.851973,4.6231985
51,spec1d.vdgc6.037.gcN189.fits.gz,-2.1314745,0.82056767,0.7405123,2254.1895,1.7912391,1.5911008
52,spec1d.vdgc6.038.gcN190.fits.gz,11.888225,4.012776,3.6525266,2259.613,4.172887,3.992762
53,spec1d.vdgc6.039.gcN192.fits.gz,6.4144373,2.691862,2.2415507,2289.684,4.413053,4.0427966
54,spec1d.vdgc6.048.gcN230.fits.gz,-6.1342435,4.7032537,4.252942,2060.3054,7.395116,9.88684
55,spec1d.vdgc7.008.gcA8.fits.gz,-11.598023,1.8913084,2.851973,1594.9935,7.955504,3.502423
56,spec1d.vdgc7.009.gcA9.fits.gz,-3.8526654,3.2822707,4.4530807,1538.5144,6.9247904,8.966203
57,spec1d.vdgc7.035.gcN160.fits.gz,-10.667379,2.0914469,2.2815785,2850.0217,0.0,0.0
58,spec1d.vdgc7.036.gcN164.fits.gz,-7.955504,2.0013845,1.4810246,2775.8804,4.3229904,1.0807476
59,spec1d.vdgc7.038.gcN168.fits.gz,9.176349,4.953427,6.494493,2856.176,8.075586,10.547297
60,spec1d.vdgc8.009.gcA11.fits.gz,-20.494179,2.4016614,2.5217447,599.04443,8.0555725,5.7639875
61,spec1d.vdgc8.010.gcA12.fits.gz,-29.970736,7.5652337,6.4744787,685.6243,8.415822,17.14186
62,spec1d.vdgc8.012.gcA18.fits.gz,-36.185036,4.172887,4.4831014,632.23737,2.0514193,6.4144373
63,spec1d.vdgc8.014.gcA21.fits.gz,25.16741,27.238844,85.77934,655.1632,93.59475,68.397316
64,spec1d.vdgc8.015.gcA23.fits.gz,-9.976902,3.38234,2.6118069,636.6204,8.8861475,6.76468
65,spec1d.vdgc8.016.gcA26.fits.gz,-39.01699,11.017622,9.156334,646.9876,16.151173,14.940335
66,spec1d.vdgc8.017.gcA27.fits.gz,-63.233746,7.3751025,4.0327897,618.2977,8.385801,14.099755
67,spec1d.vdgc8.018.gcA29.fits.gz,-22.935867,1.2908931,0.94065076,578.3301,2.1715024,1.7612184
68,spec1d.vdgc8.019.gcA30.fits.gz,-22.135315,1.8612877,1.8112531,610.012,2.6718483,3.372333
69,spec1d.vdgc8.020.gcA32.fits.gz,-21.164642,4.7532883,6.5545344,561.9988,6.344389,6.334382
70,spec1d.vdgc8.021.gcA35.fits.gz,9.396501,4.16288,4.0427966,569.1337,3.6825476,3.9026997
71,spec1d.vdgc8.022.gcA38.fits.gz,-8.756058,0.82056767,0.82056767,600.7156,1.1507962,1.69117
72,spec1d.vdgc8.023.gcA40.fits.gz,437.56268,29.210207,23.946568,687.96594,13.049027,19.453459
73,spec1d.vdgc9B.009.gcA11.fits.gz,2.721883,16.801622,15.961041,697.88275,6.354396,8.696016
74,spec1d.vdgc9B.011.gcA13.fits.gz,-3.2422428,6.8347282,10.277109,712.4729,10.317138,11.588017
75,spec1d.vdgc9B.012.gcA14.fits.gz,-13.569387,7.895462,10.2370825,635.98,7.4051228,6.254327
76,spec1d.vdgc9B.013.gcA23.fits.gz,1.7812324,3.1721945,1.9813707,698.10297,5.643904,4.9934545
77,spec1d.vdgc9B.014.gcA26.fits.gz,-0.67046386,8.395808,9.416515,718.02673,8.926175,5.864057
78,spec1d.vdgc9B.015.gcA29.fits.gz,4.7232676,1.7612184,1.2008307,633.118,2.2315438,2.701869
79,spec1d.vdgc9B.016.gcA30.fits.gz,-1.69117,2.4016614,2.0314054,672.6754,2.0013845,1.4009693
80,spec1d.vdgc9B.017.gcA31.fits.gz,7.9755173,4.883378,5.173579,698.67334,9.7167225,23.436214
81,spec1d.vdgc9B.021.gcN121.fits.gz,-15.170495,12.788847,15.820945,1669.0345,5.613884,8.015545
82,spec1d.vdgc9B.062.gcA16.fits.gz,-36.78545,14.520045,9.686702,660.64703,6.4444585,3.742589
83,spec1d.vdgc9B.063.gcA18.fits.gz,0.82056767,5.733967,5.2536345,632.1173,5.0034614,5.303669
84,spec1d.vdgc9B.064.gcA21.fits.gz,6.6345897,4.933413,6.5045,654.44275,7.3450813,3.632513
85,spec1d.vdgc9B.065.gcA27.fits.gz,-9.796777,12.268487,8.545913,635.6398,12.74882,10.167033
86,spec1d.vugc1.013.GCXL016.fits.gz,-49.35,6.11,4.7,1335.91,6.91,3.42
87,spec1d.vugc1.028.GCBL005.fits.gz,-25.98,1.16,1.66,96.86,3.15,2.8
88,spec1d.vugc1.004.GCXL003.fits.gz,39.34,1.82,2.15,85.78,6.54,7.08
89,spec1d.vugc1.006.GCXL007.fits.gz,24.38,2.33,2.72,38.71,24.23,26.43
90,spec1d.vugc1.010.GCXL012.fits.gz,42.49,3.94,4.41,104.23,8.58,7.88
91,spec1d.vugc1.019.GCXF011.fits.gz,7.27,183.55,17.61,-63.67,57.42,39.31
92,spec1d.vugc5.001.GCXL001.fits.gz,-28.51,6.43,5.59,987.41,7.19,4.7
93,spec1d.vugc5.002.GCXL002.fits.gz,-13.46,7.55,7.44,1052.7,7.03,7.36
94,spec1d.vugc5.003.GCXL003.fits.gz,-6.51,2.55,2.44,1028.8,4.49,3.9
95,spec1d.vugc5.004.GCXL004.fits.gz,-8.9,4.91,4.43,1056.32,8.47,15.56
96,spec1d.vugc5.006.GCXL007.fits.gz,43.67,7.71,13.04,1072.4,5.4,7.14
97,spec1d.vugc5.007.GCXL009.fits.gz,12.32,1.19,1.11,1037.49,2.21,2.32
98,spec1d.vugc5.010.GCXL013.fits.gz,7.84,16.77,16.95,1047.31,7.2,9.73
99,spec1d.vugc5.011.GCXL014.fits.gz,81.95,81.31,76.19,1037.09,2.92,3.79
100,spec1d.vugc5.013.GCXL017.fits.gz,-14.89,4.47,5.03,1051.42,6.45,8.14
101,spec1d.vugc5.015.GCXF002.fits.gz,-9.15,29.25,34.16,1037.3,13.87,10.98
102,spec1d.vugc5.019.GCXF008.fits.gz,-16.57,7.72,8.82,1035.59,11.54,8.56
103,spec1d.vugc5.025.GCBF006.fits.gz,-5.68,19.21,13.55,1047.04,7.47,13.22
104,spec1d.vugc6.001.GCXL001.fits.gz,11.33,4.55,2.5,2113.06,1.04,1.25
105,spec1d.vugc6.002.GCXL002.fits.gz,21.39,10.58,8.46,2128.62,13.07,25.18
106,spec1d.vugc6.003.GCXL003.fits.gz,7.59,3.19,3.22,2134.53,5.91,11.13
107,spec1d.vugc6.004.GCXL004.fits.gz,15.42,3.23,2.99,2099.35,0.04,0.32
108,spec1d.vugc6.005.GCXF003.fits.gz,33.69,5.58,6.31,2094.21,0.09,0.06
109,spec1d.vugc6.006.GCXF005.fits.gz,-11.36,6.59,7.93,2151.7,31.06,40.04
110,spec1d.vugc6.007.GCXF006.fits.gz,-1.47,16.96,18.24,2125.45,8.63,10.34
111,spec1d.vdgc1.000.alg42.fits.gz,48.443516,0.2201523,0.14009692,117.61137,0.21014537,0.21014537
112,spec1d.vdgc1.001.alg115.fits.gz,25.777834,0.6404431,0.5303669,-170.35785,1.6711562,1.5010384
113,spec1d.vdgc1.002.alg140.fits.gz,49.394173,0.8105607,0.61042225,76.86318,1.2108377,1.0807476
114,spec1d.vdgc1.003.alg164.fits.gz,-1.681163,0.38026306,0.42029074,32.882748,0.57039464,0.46031845
115,spec1d.vdgc1.004.alg177.fits.gz,22.915854,0.37025616,0.4002769,34.784065,0.6404431,0.65045
116,spec1d.vdgc1.005.alg191.fits.gz,-61.702686,0.14009692,0.15010384,-29.680532,0.14009692,0.17011769
117,spec1d.vdgc1.006.alg194.fits.gz,20.74435,0.70048463,0.93064386,-18.522814,0.70048463,0.73050535
118,spec1d.vdgc1.020.gcN82.fits.gz,-4.0928316,0.98067844,0.9206369,346.50974,2.3916547,2.5217447
119,spec1d.vdgc1.022.gcN87.fits.gz,17.672226,2.8920007,5.3336897,52.446285,15.981055,12.388571
120,spec1d.vdgc1.023.gcN95.fits.gz,-9.596639,0.32022154,0.2201523,72.63025,0.5804015,0.42029074
121,spec1d.vdgc1.028.gcN143.fits.gz,0.18012461,6.4044304,8.505884,-34.31374,13.419284,9.296431
122,spec1d.vdgc1.031.gcN177.fits.gz,-2.0314054,2.721883,2.4917238,193.30373,6.584555,16.861666
123,spec1d.vdgc1.032.gcN185.fits.gz,23.276102,1.7111838,0.9206369,77.50362,1.8312669,2.1414814
124,spec1d.vdgc1.033.gcN186.fits.gz,11.437912,2.5017307,2.2215369,257.50815,0.0,0.0
125,spec1d.vdgc1.034.gcN189.fits.gz,6.754673,4.2329283,3.6825476,1424.5354,6.0241675,7.0648875
126,spec1d.vdgc1.035.gcN190.fits.gz,4.2129145,1.160803,1.4910315,127.3581,3.77261,3.2622569
127,spec1d.vdgc1.036.gcN195.fits.gz,11.7981615,1.82126,2.47171,1418.4314,7.6052613,9.076279
128,spec1d.vdgc1.039.gcN211.fits.gz,3.9227138,6.0241675,5.573856,183.90723,25.867895,18.152557
129,spec1d.vdgc1.040.serendip1.fits.gz,-8.565926,0.46031845,0.6204293,157.44891,1.3409277,0.2701869
130,spec1d.vdgc1.041.gcN214.fits.gz,16.351313,3.3323052,3.6225061,99.68897,8.686009,10.547297
131,spec1d.vdgc1.042.vir269.fits.gz,34.914154,0.8305746,1.0006922,-46.151928,3.272264,2.34162
132,spec1d.vdgc1.043.vir275.fits.gz,3.5924854,0.28019384,0.31021464,187.65984,1.04072,0.94065076
133,spec1d.vdgc1.044.vir289.fits.gz,5.9441123,0.37025616,0.41028383,186.74919,1.6511422,0.8806092
134,spec1d.vdgc1.045.sgr378.fits.gz,-4.3730254,2.1715024,1.8512807,8.095601,3.5424507,4.152873
135,spec1d.vdgc1.046.sgr388.fits.gz,0.4403046,2.9620492,2.5117376,-26.918621,6.0241675,4.5531497
136,spec1d.vdgc1.047.sgr401.fits.gz,3.64252,3.6625338,3.3523192,13.499339,5.2336206,6.7346587
137,spec1d.vdgc1.048.sgr408.fits.gz,0.85058844,28.019384,18.342691,-15.74089,7.915476,0.31021464
138,spec1d.vdgc1.049.sgr412.fits.gz,10.507269,1.7211907,1.8012462,40.227833,5.553842,6.094216
139,spec1d.vdgc1.050.sgr414.fits.gz,-7.895462,14.840266,7.224998,14.17981,8.766065,7.435144
140,spec1d.vdgc1.051.sgr417.fits.gz,-15.840959,3.9327207,4.673233,7.5952544,13.679463,12.468626
141,spec1d.vdgc1.052.sgr425.fits.gz,39.367237,30.591164,26.79854,-1.541066,5.5138144,5.9240985
142,spec1d.vdgc1.053.sgr426.fits.gz,16.94172,2.1314745,2.6518345,-14.900309,6.3143682,8.065579
143,spec1d.vdgc1.054.sgr433.fits.gz,5.844043,1.4009693,1.1808169,240.14613,3.4123607,2.3115993
144,spec1d.vdgc1.056.mst488.fits.gz,38.33652,10.637359,8.245705,14.630121,7.395116,7.4151297
145,spec1d.vdgc2.000.alg24.fits.gz,46.41211,0.21014537,0.26018,183.7171,0.48033231,0.5603877
146,spec1d.vdgc2.001.alg67.fits.gz,66.93631,0.07004846,0.080055386,1.6611491,0.12008308,0.11007615
147,spec1d.vdgc2.002.alg71.fits.gz,15.060419,0.090062305,0.12008308,47.522877,0.06004154,0.090062305
148,spec1d.vdgc2.003.alg95.fits.gz,135.35364,1.0907545,0.94065076,157.11868,4.1028385,3.3222983
149,spec1d.vdgc2.004.alg109.fits.gz,-19.143244,0.5003461,0.770533,17.682232,3.2922776,3.9627414
150,spec1d.vdgc2.005.alg177.fits.gz,46.922462,1.1808169,1.1507962,125.757,1.2108377,1.0707407
151,spec1d.vdgc2.009.gcA9.fits.gz,24.61703,5.904084,5.6839323,1304.9227,10.767448,12.688778
152,spec1d.vdgc2.014.gcA16.fits.gz,49.274086,24.006609,27.859274,1349.5637,6.9448047,8.445843
153,spec1d.vdgc2.018.gcA29.fits.gz,-56.689217,15.961041,12.948957,1048.4053,24.577002,24.296808
154,spec1d.vdgc2.024.gcN119.fits.gz,5.553842,1.0307131,1.0207062,1234.8042,2.5317514,2.3916547
155,spec1d.vdgc2.025.gcN147.fits.gz,0.18012461,0.13009,0.16011077,58.590534,0.2701869,0.29020074
156,spec1d.vdgc2.026.gcN152.fits.gz,47.4128,2.9720562,2.952042,146.96167,6.9448047,5.5238214
157,spec1d.vdgc2.028.gcN179.fits.gz,-15.911008,4.8633647,4.4530807,1454.7163,1.7412046,3.632513
158,spec1d.vdgc2.030.gcN186.fits.gz,-5.2836556,1.9613569,1.2808862,1019.89557,2.3916547,2.591793
159,spec1d.vdgc2.031.gcN192.fits.gz,-6.514507,1.6511422,1.3109069,1223.0261,0.0,0.0
160,spec1d.vdgc2.032.gcN196.fits.gz,-7.525206,2.5517654,2.1014538,-39.006985,6.9047766,7.8654413
161,spec1d.vdgc2.033.gcN241.fits.gz,0.82056767,1.0307131,1.5210522,-4.2129145,2.9020076,2.851973
162,spec1d.vdgc2.034.gcN242.fits.gz,6.2643337,7.525206,6.604569,1149.6154,6.6445966,6.8247213
163,spec1d.vdgc2.037.gcN259.fits.gz,-0.52036,0.78054,0.59040844,148.82297,1.0307131,0.8706023
164,spec1d.vdgc2.038.gcN298.fits.gz,4.142866,1.7712253,2.1114607,164.04349,9.936873,9.75675
165,spec1d.vdgc2.039.gcN323.fits.gz,-11.648058,2.952042,3.7125683,188.44035,4.803323,3.742589
166,spec1d.vdgc2.040.gcN339.fits.gz,-90.06231,12.398578,11.517968,1464.8534,11.988294,12.268487
167,spec1d.vdgc2.042.gcN343.fits.gz,3.4523883,1.1908238,0.8105607,718.2469,1.69117,1.9413431
168,spec1d.vdgc2.043.gcN351.fits.gz,-3.4623952,1.6111146,2.721883,1614.9473,0.7405123,0.6404431
169,spec1d.vdgc2.044.gcN352.fits.gz,29.40034,7.525206,12.008307,1300.7998,6.37441,8.03556
170,spec1d.vdgc2.045.gcN354.fits.gz,-13.849581,19.8037,13.329221,147.36194,54.57776,24.396877
171,spec1d.vdgc2.047.gcN371.fits.gz,5.864057,2.1214676,2.2615647,215.93939,6.074202,4.773302
172,spec1d.vdgc2.049.gcN386.fits.gz,-9.916861,3.2922776,3.5924854,1135.0853,14.940335,18.883064
173,spec1d.vdgc2.050.gcN387.fits.gz,-5.713953,10.076972,7.5752406,958.5631,26.448298,19.493486
174,spec1d.vdgc2.052.gcN407.fits.gz,9.706716,3.5924854,2.8119454,374.87933,9.986909,10.197055
175,spec1d.vdgc2.053.gcN421.fits.gz,9.426522,3.3423123,2.821952,1428.5784,0.0,0.0
176,spec1d.vdgc2.053.serendip1.fits.gz,-36.775444,0.5804015,0.49033922,-2.451696,3.3122916,4.4931083
177,spec1d.vdgc2.054.gcN446.fits.gz,8.605954,1.7912391,2.34162,1093.1763,5.103531,4.2929697
178,spec1d.vdgc2.055.gcN449.fits.gz,-34.95418,9.626659,11.648058,1017.8341,1.69117,6.6245832
179,spec1d.vdgc2.056.gcN459.fits.gz,1.2308515,3.5424507,3.2022152,1327.6985,5.3436966,8.956196
180,spec1d.vdgc2.057.gcN474.fits.gz,-31.211592,19.063187,17.151865,157.18875,12.1083765,21.715023
181,spec1d.vdgc2.058.vir679.fits.gz,-2.0213983,0.34023538,0.23015922,289.49026,1.0207062,0.97067153
182,spec1d.vdgc2.059.vir680.fits.gz,-0.98067844,0.33022848,0.23015922,-13.469317,0.28019384,0.43029767
183,spec1d.vdgc2.061.vir690.fits.gz,1.7812324,1.3009,1.2808862,36.32513,2.9020076,3.51243
184,spec1d.vdgc2.062.sgr734.fits.gz,5.703946,2.8619797,3.8126378,-6.9047766,3.6725407,9.626659
185,spec1d.vdgc2.063.sgr739.fits.gz,-13.769526,4.152873,4.7032537,20.85443,9.49657,8.866134
186,spec1d.vdgc2.064.sgr747.fits.gz,-20.474165,9.23639,15.650827,-9.076279,0.39027,0.39027
187,spec1d.vdgc2.065.sgr752.fits.gz,-2.591793,4.903392,6.974825,20.754358,13.329221,13.039021
188,spec1d.vdgc2.066.sgr764.fits.gz,-8.435836,3.4023538,3.1421738,-11.988294,3.6024923,5.053496
189,spec1d.vdgc2.067.sgr767.fits.gz,-3.3423123,2.721883,2.7819245,-10.647366,3.612499,5.433759
190,spec1d.vdgc2.068.sgr770.fits.gz,-13.039021,2.08144,1.6511422,-12.09837,2.7819245,3.0020769
191,spec1d.vdgc2.069.sgr779.fits.gz,0.69047767,1.2608724,1.160803,-12.528667,3.1021461,3.502423
192,spec1d.vdgc2.070.sgr783.fits.gz,-9.876833,2.8619797,2.982063,23.015923,0.23015922,0.12008308
193,spec1d.vdgc2.071.sgr788.fits.gz,3.0721252,1.5510731,1.04072,2.2815785,3.5724714,3.1021461
194,spec1d.vdgc2.072.sgr797.fits.gz,6.354396,4.713261,3.9026997,17.30197,4.7432814,3.0320976
195,spec1d.vdgc2.073.sgr800.fits.gz,9.166341,4.132859,4.062811,40.81824,5.804015,0.0
196,spec1d.vdgc2.074.mst869.fits.gz,-3.2622569,8.736044,6.844735,27.118761,15.050412,11.007615
197,spec1d.vdgc2.076.mst912.fits.gz,5.814022,8.285732,9.066272,10.17704,16.10114,28.619799
198,spec1d.vdgc3.000.alg60.fits.gz,10.677386,0.19013153,0.21014537,60.23167,0.42029074,0.2701869
199,spec1d.vdgc3.001.alg77.fits.gz,5.583863,0.7905469,0.99068534,240.25623,2.591793,3.5724714
200,spec1d.vdgc3.002.alg86.fits.gz,22.755743,1.2308515,0.97067153,143.32916,2.0314054,1.6311284
201,spec1d.vdgc3.003.alg146.fits.gz,-8.545913,2.6118069,2.3115993,93.6648,2.6018,3.2322361
202,spec1d.vdgc3.004.alg156.fits.gz,25.467619,0.7905469,0.8405815,19.70363,1.1808169,0.86059535
203,spec1d.vdgc3.005.alg191.fits.gz,-1.4009693,0.45031154,0.34023538,51.18541,0.4002769,0.45031154
204,spec1d.vdgc3.006.alg198.fits.gz,-47.02253,0.57039464,0.86059535,16.691547,0.5603877,0.7405123
205,spec1d.vdgc3.019.gcA18.fits.gz,0.59040844,42.969727,165.2143,300.14764,21.835106,18.24262
206,spec1d.vdgc3.021.gcN57.fits.gz,-4.5231295,2.1014538,2.0013845,308.67352,5.2436275,5.5138144
207,spec1d.vdgc3.022.gcN60.fits.gz,-9.186356,0.23015922,0.25017306,113.3184,0.5103531,0.37025616
208,spec1d.vdgc3.023.gcN63.fits.gz,-11.177732,0.18012461,0.23015922,-17.862358,0.43029767,0.5103531
209,spec1d.vdgc3.024.gcN64.fits.gz,-17.492102,1.5010384,1.9213293,233.62163,3.1421738,3.992762
210,spec1d.vdgc3.025.gcN70.fits.gz,2.0614262,0.30020767,0.36024922,12.068349,0.52036,0.95065767
211,spec1d.vdgc3.026.gcN76.fits.gz,-10.647366,0.23015922,0.17011769,67.84694,0.5303669,0.52036
212,spec1d.vdgc3.027.gcN81.fits.gz,-5.954119,2.441689,1.9513499,-3.4824092,2.2715714,2.1314745
213,spec1d.vdgc3.029.gcN92.fits.gz,-15.300585,0.55038077,0.57039464,-7.5051923,1.6711562,1.3009
214,spec1d.vdgc3.031.gcN95.fits.gz,-10.867518,0.26018,0.24016616,77.54365,0.52036,0.5103531
215,spec1d.vdgc3.036.gcN107.fits.gz,-6.24432,2.6318207,2.4917238,140.72736,5.4837937,7.365095
216,spec1d.vdgc3.037.gcN111.fits.gz,-3.502423,0.46031845,0.43029767,38.1664,1.0907545,1.2008307
217,spec1d.vdgc3.038.gcN118.fits.gz,-48.40349,11.638051,13.799546,31.441751,10.617345,7.445151
218,spec1d.vdgc3.040.vir203.fits.gz,-12.278494,1.6611491,1.7712253,163.86336,2.7719178,2.5417583
219,spec1d.vdgc3.042.sgr264.fits.gz,-5.814022,2.8619797,3.7826169,64.93492,0.050034612,0.55038077
220,spec1d.vdgc3.043.sgr270.fits.gz,39.797535,12.858896,22.675688,12.798854,7.895462,6.6846247
221,spec1d.vdgc3.044.sgr271.fits.gz,-19.013153,1.7912391,1.5710869,250.11302,8.005538,7.6052613
222,spec1d.vdgc3.045.sgr273.fits.gz,-5.103531,7.4651647,5.9341054,-5.2736483,23.916544,15.370634
223,spec1d.vdgc3.046.sgr277.fits.gz,-17.542135,9.576626,10.577318,-31.96211,9.866826,7.05488
224,spec1d.vdgc3.047.sgr284.fits.gz,-1.5911008,2.9320285,2.2215369,61.16231,6.344389,4.643212
225,spec1d.vdgc3.048.sgr292.fits.gz,-15.710869,6.7346587,8.445843,40.15778,10.157026,7.615268
226,spec1d.vdgc3.049.sgr294.fits.gz,-27.469004,3.9727485,3.4423814,15.190509,8.435836,7.6753097
227,spec1d.vdgc3.050.sgr298.fits.gz,-110.806656,42.919693,33.07288,12.64875,21.644976,20.994524
228,spec1d.vdgc3.051.sgr300.fits.gz,-13.209138,2.9620492,3.1822016,-30.070803,6.854742,6.344389
229,spec1d.vdgc3.052.sgr306.fits.gz,6.724652,3.0020769,3.5524576,90.48259,7.28504,7.385109
230,spec1d.vdgc3.053.sgr313.fits.gz,-2.5617723,6.6546035,3.38234,1.410976,0.19013153,12.77884
231,spec1d.vdgc3.054.sgr315.fits.gz,0.18012461,5.363711,4.1929007,29.72056,26.398262,20.00384
232,spec1d.vdgc4B.000.alg118.fits.gz,-42.82963,0.41028383,0.5403738,-20.984518,0.61042225,0.5303669
233,spec1d.vdgc4B.001.alg120.fits.gz,12.7188,0.69047767,0.7405123,-2.47171,11.437912,2.21153
234,spec1d.vdgc4B.002.alg123.fits.gz,-11.618037,1.1407893,1.0507269,10.096985,1.69117,1.9613569
235,spec1d.vdgc4B.003.alg207.fits.gz,-0.41028383,0.91063,0.8806092,-27.188808,1.2108377,1.160803
236,spec1d.vdgc4B.011.gcA30.fits.gz,7.224998,2.1915162,1.8012462,1312.6481,3.8226445,4.593178
237,spec1d.vdgc4B.012.gcA31.fits.gz,-16.631506,2.8619797,3.8126378,104.40223,10.667379,15.901001
238,spec1d.vdgc4B.018.gcA51.fits.gz,0.72049844,8.475863,11.047643,1808.0208,13.889609,8.766065
239,spec1d.vdgc4B.020.gcN108.fits.gz,-22.425514,6.4544654,5.393731,206.66296,22.925861,11.387878
240,spec1d.vdgc4B.021.gcN122.fits.gz,-3.3222983,0.48033231,0.8305746,-71.22928,1.7512115,1.6411353
241,spec1d.vdgc4B.022.gcN124.fits.gz,-4.1028385,0.5603877,0.66045696,-52.896595,1.4710176,1.4409969
242,spec1d.vdgc4B.024.gcN135.fits.gz,-2.0113916,1.0006922,1.2808862,61.182327,1.5010384,2.5817862
243,spec1d.vdgc4B.025.gcN136.fits.gz,-7.1749635,10.847505,14.670149,1320.9938,6.7346587,7.365095
244,spec1d.vdgc4B.026.gcN138.fits.gz,-1.1007615,0.8806092,0.82056767,217.94078,1.7512115,2.2815785
245,spec1d.vdgc4B.027.gcN141.fits.gz,-3.6925545,2.4116683,2.6818554,515.5267,9.476556,7.05488
246,spec1d.vdgc4B.028.gcN157.fits.gz,6.8147144,1.0006922,0.66045696,401.06747,2.9420352,2.0113916
247,spec1d.vdgc4B.029.vir297.fits.gz,1.4810246,0.7905469,1.0507269,91.083015,3.9627414,3.0721252
248,spec1d.vdgc4B.030.vir301.fits.gz,0.0,0.0,0.0,210.68576,6.994839,6.7947006
249,spec1d.vdgc4B.031.vir305.fits.gz,2.8920007,0.65045,0.6304362,-146.26118,2.321606,2.7919314
250,spec1d.vdgc4B.032.vir310.fits.gz,34.44383,0.6204293,0.52036,-37.26578,1.7311976,1.8312669
251,spec1d.vdgc4B.033.sgr367.fits.gz,-9.506577,3.6525266,2.7919314,11.688086,6.6846247,5.143558
252,spec1d.vdgc4B.034.sgr368.fits.gz,9.586633,3.8426585,3.4824092,-15.981055,7.05488,8.375794
253,spec1d.vdgc4B.035.sgr369.fits.gz,-13.13909,3.1822016,3.1321669,125.50683,0.0,0.0
254,spec1d.vdgc4B.036.sgr371.fits.gz,5.874064,14.319906,14.219837,20.58424,10.997608,8.495877
255,spec1d.vdgc4B.037.sgr372.fits.gz,-12.558688,3.38234,2.8920007,-121.06376,19.563534,20.754358
256,spec1d.vdgc4B.038.sgr377.fits.gz,-3.862672,4.002769,3.5424507,-67.86695,3.2422428,3.8526654
257,spec1d.vdgc4B.039.sgr378.fits.gz,-2.4216754,3.0120838,1.8612877,-21.124613,4.6031847,6.3143682
258,spec1d.vdgc4B.040.sgr379.fits.gz,-6.0541883,5.5938697,4.3830323,57.039463,7.1749635,9.7167225
259,spec1d.vdgc4B.041.sgr381.fits.gz,-17.642204,3.992762,3.8326514,31.852036,6.124237,6.7146454
260,spec1d.vdgc4B.043.sgr383.fits.gz,-8.375794,2.1915162,1.6711562,20.68431,4.3329973,5.5938697
261,spec1d.vdgc4B.044.sgr386.fits.gz,0.97067153,1.82126,1.3509345,-29.280256,6.0041537,5.453773
262,spec1d.vdgc4B.046.sgr390.fits.gz,2.8920007,1.410976,1.4309899,164.57385,4.543143,4.593178
263,spec1d.vdgc4B.047.sgr392.fits.gz,-9.0962925,2.7519038,1.7712253,-6.1342435,0.61042225,0.010006923
264,spec1d.vdgc4B.049.mst485.fits.gz,-12.528667,8.956196,10.987601,185.96866,25.467619,23.63635
265,spec1d.vdgc4B.051.mst493.fits.gz,0.31021464,11.978287,14.17981,36.64535,20.8144,3.7125683
266,spec1d.vdgc5.000.alg70.fits.gz,-36.23507,0.06004154,0.090062305,-42.509407,0.07004846,0.07004846
267,spec1d.vdgc5.001.alg73.fits.gz,-13.049027,0.20013845,0.20013845,50.294792,0.26018,0.21014537
268,spec1d.vdgc5.002.alg75.fits.gz,-34.433823,0.14009692,0.090062305,7.945497,0.11007615,0.080055386
269,spec1d.vdgc5.003.alg122.fits.gz,-20.043865,0.49033922,0.5603877,102.07062,0.8405815,0.67046386
270,spec1d.vdgc5.004.alg168.fits.gz,-25.2975,0.080055386,0.100069225,-1.9513499,0.12008308,0.12008308
271,spec1d.vdgc5.013.serendip1.fits.gz,-83.197556,4.3229904,5.443766,4.0327897,7.615268,9.056265
272,spec1d.vdgc5.015.gcN57.fits.gz,-21.394802,2.08144,1.6211214,43.620174,1.8512807,1.6411353
273,spec1d.vdgc5.016.gcN58.fits.gz,-18.923092,4.1028385,4.533136,219.89212,9.306438,10.116999
274,spec1d.vdgc5.017.gcN59.fits.gz,-23.146011,2.3916547,3.12216,-111.427086,5.433759,5.0034614
275,spec1d.vdgc5.018.gcN61.fits.gz,11.087671,1.5710869,1.4810246,-7.275033,2.8719869,3.7926238
276,spec1d.vdgc5.019.gcN66.fits.gz,-21.845112,0.52036,0.61042225,-97.067154,1.2108377,1.7211907
277,spec1d.vdgc5.020.gcN67.fits.gz,-21.184656,0.42029074,0.35024232,-73.07055,0.8305746,0.82056767
278,spec1d.vdgc5.021.gcN161.fits.gz,-19.213291,2.9120145,2.6618414,183.12668,5.0134683,5.5138144
279,spec1d.vdgc5.023.gcN174.fits.gz,-16.801622,4.4430737,5.0334826,1606.8917,12.818868,7.7653723
280,spec1d.vdgc5.024.gcN178.fits.gz,-18.662912,1.4510038,1.4810246,6.044182,1.7211907,3.5524576
281,spec1d.vdgc5.025.gcN189.fits.gz,-31.371704,2.7619107,2.5817862,517.11774,5.8840704,8.22569
282,spec1d.vdgc5.026.gcN191.fits.gz,-13.089056,0.67046386,0.49033922,67.42664,1.2908931,1.541066
283,spec1d.vdgc5.027.gcN192.fits.gz,-9.826798,3.6825476,3.7525961,55.928688,23.996601,20.62427
284,spec1d.vdgc5.028.gcN193.fits.gz,-17.742275,1.7311976,1.5810938,590.2483,4.3229904,3.9427276
285,spec1d.vdgc5.029.gcN196.fits.gz,-12.568695,4.893385,3.4824092,252.06438,0.16011077,0.0
286,spec1d.vdgc5.030.gcN198.fits.gz,-4.2929697,7.2049847,5.4237523,9.4065075,105.74316,40.568066
287,spec1d.vdgc5.032.gcN202.fits.gz,-10.096985,0.16011077,0.16011077,-37.94625,0.0,0.0
288,spec1d.vdgc5.034.gcN209.fits.gz,-21.875132,1.3509345,0.71049154,1108.2267,8.405815,22.615644
289,spec1d.vdgc5.035.gcN270.fits.gz,-34.523884,7.965511,7.6252756,-11.2778015,12.898924,8.315753
290,spec1d.vdgc5.036.vir275.fits.gz,-20.284033,0.5103531,0.42029074,204.95178,1.5210522,1.2508653
291,spec1d.vdgc5.037.vir277.fits.gz,-14.760212,0.24016616,0.20013845,135.12349,0.47032538,0.47032538
292,spec1d.vdgc5.038.vir311.fits.gz,-22.47555,0.21014537,0.30020767,95.88634,0.4403046,0.57039464
293,spec1d.vdgc5.039.vir313.fits.gz,-17.161873,0.28019384,0.25017306,-150.8944,0.68047076,0.57039464
294,spec1d.vdgc5.041.sgr337.fits.gz,-25.577694,1.9413431,2.1014538,127.53824,6.164264,5.713953
295,spec1d.vdgc5.043.mst439.fits.gz,42.449368,4.3530116,13.489332,430.6379,18.582855,13.6694565
296,spec1d.vdgc5.044.mst443.fits.gz,-25.327522,6.1042233,6.0041537,-79.05469,23.226068,10.497262
297,spec1d.vdgc5.046.mst504.fits.gz,16.45138,16.401346,29.860659,1304.1022,14.9103155,8.585939
298,spec1d.vdgc5.049.mst528.fits.gz,-17.642204,8.045567,6.1342435,22.335451,1.681163,12.058342
299,spec1d.vdgc6.000.alg33.fits.gz,163.90338,0.12008308,0.07004846,192.243,0.18012461,0.18012461
300,spec1d.vdgc6.001.alg94.fits.gz,22.725721,0.17011769,0.15010384,2.591793,0.18012461,0.21014537
301,spec1d.vdgc6.002.alg141.fits.gz,7.6653028,0.17011769,0.21014537,-37.565987,0.34023538,0.41028383
302,spec1d.vdgc6.003.alg161.fits.gz,19.193277,0.100069225,0.14009692,9.866826,0.2701869,0.28019384
303,spec1d.vdgc6.004.alg207.fits.gz,75.8925,0.21014537,0.12008308,91.853546,0.2201523,0.33022848
304,spec1d.vdgc6.008.gcA9.fits.gz,3.872679,1.2608724,0.98067844,786.7343,1.9713638,3.762603
305,spec1d.vdgc6.024.gcN106.fits.gz,32.832714,1.1307824,1.0207062,-46.141922,2.1514885,1.6411353
306,spec1d.vdgc6.025.gcN164.fits.gz,8.565926,4.7933164,3.1421738,87.22034,8.135628,10.737429
307,spec1d.vdgc6.026.gcN166.fits.gz,23.63635,2.1915162,1.7111838,140.73737,6.234313,4.963434
308,spec1d.vdgc6.027.gcN167.fits.gz,20.544212,1.1007615,0.95065767,-17.822329,1.8412738,3.372333
309,spec1d.vdgc6.028.gcN168.fits.gz,11.477941,0.20013845,0.16011077,47.96318,0.42029074,0.43029767
310,spec1d.vdgc6.029.gcN169.fits.gz,19.54352,6.064195,4.1228523,1229.8508,5.4237523,5.914091
311,spec1d.vdgc6.030.gcN171.fits.gz,14.750205,1.6711562,1.6211214,38.8869,4.653219,6.2243056
312,spec1d.vdgc6.031.gcN173.fits.gz,35.83479,4.0327897,3.1721945,64.214424,0.0,0.0
313,spec1d.vdgc6.032.gcN176.fits.gz,33.633266,0.2701869,0.24016616,0.5303669,0.5804015,0.5804015
314,spec1d.vdgc6.033.gcN183.fits.gz,9.336459,1.2708791,1.2308515,284.57687,3.38234,2.1214676
315,spec1d.vdgc6.036.gcN188.fits.gz,2.2215369,1.3709484,1.4610107,272.26837,2.9020076,3.0320976
316,spec1d.vdgc6.040.gcN202.fits.gz,7.8254137,2.2415507,2.7919314,-8.03556,18.652905,14.149789
317,spec1d.vdgc6.041.gcN203.fits.gz,3.1321669,3.9627414,5.303669,1459.7198,8.84612,8.305746
318,spec1d.vdgc6.041.serendip1.fits.gz,4.5731635,5.353704,4.673233,2.5217447,5.7539806,8.836113
319,spec1d.vdgc6.042.gcN205.fits.gz,1.1307824,0.8706023,0.96066463,-170.24779,0.95065767,0.85058844
320,spec1d.vdgc6.043.gcN216.fits.gz,15.12046,4.2029076,3.1521807,194.56459,3.9627414,3.9327207
321,spec1d.vdgc6.044.gcN220.fits.gz,21.624962,3.5424507,3.1521807,16.251244,7.275033,7.3751025
322,spec1d.vdgc6.045.gcN221.fits.gz,-2.1915162,1.1808169,0.8005538,63.0236,4.0327897,4.953427
323,spec1d.vdgc6.046.gcN223.fits.gz,-3.4523883,2.851973,2.9720562,-113.33841,7.0648875,8.966203
324,spec1d.vdgc6.049.gcN240.fits.gz,-9.49657,0.17011769,0.16011077,38.986973,0.0,0.0
325,spec1d.vdgc6.051.vir313.fits.gz,-1.160803,0.2201523,0.2701869,133.45232,1.7412046,1.541066
326,spec1d.vdgc6.052.vir315.fits.gz,5.153565,0.32022154,0.26018,85.31902,1.0707407,0.8706023
327,spec1d.vdgc6.053.vir316.fits.gz,2.1715024,0.2701869,0.26018,172.81956,0.43029767,0.4002769
328,spec1d.vdgc6.054.sgr389.fits.gz,11.768141,1.0907545,0.8806092,8.295739,4.8733716,3.022091
329,spec1d.vdgc6.055.sgr390.fits.gz,15.12046,1.2308515,0.9006231,92.83422,0.040027693,0.080055386
330,spec1d.vdgc6.056.sgr410.fits.gz,3.3323052,1.0207062,0.8806092,-156.06796,1.9413431,3.0120838
331,spec1d.vdgc6.057.sgr415.fits.gz,5.2936625,1.8813015,1.8712945,3.9026997,4.393039,4.963434
332,spec1d.vdgc6.058.sgr416.fits.gz,-1.160803,1.7011769,1.9413431,-20.464157,0.0,0.020013846
333,spec1d.vdgc6.059.sgr417.fits.gz,6.5245137,2.7819245,2.4116683,-26.058027,7.1949778,6.0541883
334,spec1d.vdgc6.060.sgr418.fits.gz,1.931336,0.8806092,0.78054,55.638493,2.461703,2.3115993
335,spec1d.vdgc6.061.sgr426.fits.gz,0.8305746,2.08144,1.6511422,5.7239594,6.4244447,5.1635723
336,spec1d.vdgc6.063.mst516.fits.gz,0.6304362,159.8706,26.66845,-123.755615,21.955189,24.777142
337,spec1d.vdgc6.064.mst520.fits.gz,21.334759,5.0835166,6.4444585,9.806784,0.0,2.0113916
338,spec1d.vdgc6.065.mst522.fits.gz,-62.95355,8.816099,8.315753,1325.6671,17.442066,8.03556
339,spec1d.vdgc7.000.alg43.fits.gz,204.79167,0.19013153,0.23015922,143.73944,0.4403046,0.38026306
340,spec1d.vdgc7.001.alg47.fits.gz,-74.381454,0.15010384,0.11007615,177.21259,0.0,0.0
341,spec1d.vdgc7.002.alg142.fits.gz,91.72346,0.49033922,0.49033922,120.74353,0.57039464,0.70048463
342,spec1d.vdgc7.003.alg147.fits.gz,6.0341744,0.70048463,0.5403738,48.483543,1.3509345,1.2908931
343,spec1d.vdgc7.004.alg180.fits.gz,-139.90678,0.23015922,0.2201523,-119.21247,0.25017306,0.38026306
344,spec1d.vdgc7.005.alg197.fits.gz,6.774687,0.37025616,0.41028383,152.65561,1.1307824,0.78054
345,spec1d.vdgc7.010.gcA13.fits.gz,-13.269179,3.1121528,3.3122916,170.17773,6.7846937,7.5051923
346,spec1d.vdgc7.011.gcA15.fits.gz,-24.556988,0.52036,0.5003461,22.915854,4.9834476,5.453773
347,spec1d.vdgc7.013.gcA19.fits.gz,-13.499339,21.184656,19.523506,611.50305,40.64812,36.185036
348,spec1d.vdgc7.014.gcA20.fits.gz,-35.60463,40.08773,14.610106,-43.42004,18.422745,12.828875
349,spec1d.vdgc7.017.gcN77.fits.gz,0.11007615,118.652084,2.5317514,141.82811,0.72049844,0.60041535
350,spec1d.vdgc7.018.gcN79.fits.gz,-7.3150606,0.86059535,0.95065767,58.780663,4.5231295,6.584555
351,spec1d.vdgc7.020.gcN88.fits.gz,-4.763295,4.282963,4.3229904,34.123608,8.255712,13.23916
352,spec1d.vdgc7.021.gcN106.fits.gz,-21.314745,0.11007615,0.15010384,41.94902,0.36024922,0.35024232
353,spec1d.vdgc7.022.gcN110.fits.gz,9.246397,8.806092,6.2643337,101.420166,0.0,0.33022848
354,spec1d.vdgc7.023.gcN114.fits.gz,2.451696,3.7225754,4.2729564,177.32268,6.604569,0.9206369
355,spec1d.vdgc7.028.gcN142.fits.gz,-12.468626,0.25017306,0.33022848,4.6231985,0.99068534,0.9206369
356,spec1d.vdgc7.029.gcN143.fits.gz,-15.160488,0.770533,0.7905469,49.394173,2.2515576,2.2815785
357,spec1d.vdgc7.030.gcN149.fits.gz,-39.067024,7.525206,7.3150606,298.58658,0.0,0.0
358,spec1d.vdgc7.031.serendip1.fits.gz,0.97067153,11.618037,13.559381,-728.1938,29.510416,56.469067
359,spec1d.vdgc7.033.gcN155.fits.gz,-14.740198,3.1721945,2.591793,82.707214,6.604569,5.904084
360,spec1d.vdgc7.039.gcN169.fits.gz,-8.185663,2.0213983,1.7912391,104.612366,7.475171,6.4444585
361,spec1d.vdgc7.041.gcN184.fits.gz,-14.610106,0.4002769,0.33022848,242.45775,1.0307131,0.8906162
362,spec1d.vdgc7.043.vir294.fits.gz,-15.77091,0.8105607,0.31021464,155.87784,1.8112531,1.5911008
363,spec1d.vdgc7.044.vir297.fits.gz,-15.560765,0.28019384,0.38026306,-3.8826861,0.7905469,0.94065076
364,spec1d.vdgc7.045.sgr359.fits.gz,-81.69652,7.685317,16.131159,-39.617405,5.4137454,29.890678
365,spec1d.vdgc7.046.sgr373.fits.gz,-19.993832,2.99207,3.9527345,42.849644,9.626659,7.495185
366,spec1d.vdgc7.047.sgr374.fits.gz,-15.870979,5.2036,6.6646104,-19.203285,6.5345206,8.315753
367,spec1d.vdgc7.048.sgr376.fits.gz,-12.498647,1.9813707,2.571779,126.217316,6.1342435,8.555919
368,spec1d.vdgc7.049.sgr382.fits.gz,-9.52659,5.5338287,4.643212,-30.771288,12.568695,9.446535
369,spec1d.vdgc7.050.sgr385.fits.gz,-5.573856,2.5817862,3.4623952,156.56831,8.405815,8.936182
370,spec1d.vdgc7.052.mst518.fits.gz,-17.181887,10.056958,8.816099,-23.57631,5.874064,13.23916
371,spec1d.vdgc7.058.serendip1.fits.gz,32.642582,13.259173,11.367865,87.67065,5.814022,6.344389
372,spec1d.vdgc7.062.mst578.fits.gz,-29.480396,23.326138,21.46485,155.17735,13.039021,24.526968
373,spec1d.vdgc8.000.alg46.fits.gz,-46.30203,0.65045,0.59040844,-56.60916,0.47032538,0.86059535
374,spec1d.vdgc8.001.alg51.fits.gz,-30.80131,0.9006231,1.0106992,-52.42627,0.9006231,1.0507269
375,spec1d.vdgc8.002.alg82.fits.gz,-29.46038,0.69047767,0.770533,4.2029076,0.7905469,0.78054
376,spec1d.vdgc8.003.alg91.fits.gz,-39.227135,0.33022848,0.2701869,19.293346,0.17011769,0.23015922
377,spec1d.vdgc8.004.alg113.fits.gz,-18.132544,0.36024922,0.46031845,-3.362326,0.69047767,0.7405123
378,spec1d.vdgc8.029.gcA57.fits.gz,-0.12008308,11.678079,15.971048,1190.6036,37.52596,37.015606
379,spec1d.vdgc8.030.gcN104.fits.gz,-21.654982,0.16011077,0.26018,198.21713,0.36024922,0.33022848
380,spec1d.vdgc8.031.gcN106.fits.gz,-21.845112,0.25017306,0.19013153,-52.466297,0.34023538,0.47032538
381,spec1d.vdgc8.032.gcN123.fits.gz,-21.264711,1.2908931,1.9213293,251.9743,4.68324,5.6739254
382,spec1d.vdgc8.033.gcN126.fits.gz,-19.31336,1.1107684,1.69117,-119.50267,2.851973,2.952042
383,spec1d.vdgc8.034.gcN130.fits.gz,-23.466234,0.72049844,0.6304362,-6.1842785,1.5010384,1.3509345
384,spec1d.vdgc8.035.gcN136.fits.gz,-26.078041,3.5924854,2.99207,673.9462,7.4251366,3.1621876
385,spec1d.vdgc8.036.gcN141.fits.gz,-18.01246,2.21153,2.0914469,212.53703,7.1249294,6.0341744
386,spec1d.vdgc8.037.gcN149.fits.gz,-26.588394,1.7512115,1.0207062,539.77344,3.1021461,4.2129145
387,spec1d.vdgc8.038.gcN150.fits.gz,-24.496948,4.68324,3.12216,1400.5588,5.9441123,5.1235447
388,spec1d.vdgc8.040.gcN168.fits.gz,-28.059412,0.31021464,0.26018,46.822395,0.65045,0.5003461
389,spec1d.vdgc8.042.gcN188.fits.gz,-24.827175,1.0607338,1.2008307,176.13185,2.481717,2.5017307
390,spec1d.vdgc8.043.gcN197.fits.gz,23.86651,0.36024922,0.55038077,42.859653,1.5810938,1.6011076
391,spec1d.vdgc8.044.vir322.fits.gz,-27.37894,0.35024232,0.41028383,-258.54886,1.2008307,1.5911008
392,spec1d.vdgc8.045.vir324.fits.gz,-25.577694,0.5804015,0.52036,24.516962,0.25017306,0.49033922
393,spec1d.vdgc8.046.vir325.fits.gz,-27.669142,1.1307824,1.2808862,91.77349,3.4623952,3.1822016
394,spec1d.vdgc8.047.vir332.fits.gz,-24.967274,1.2908931,1.2208445,-136.0141,8.766065,5.914091
395,spec1d.vdgc8.048.vir333.fits.gz,-23.966581,0.42029074,0.49033922,119.63277,1.69117,1.5810938
396,spec1d.vdgc8.049.vir334.fits.gz,-10.877525,1.1407893,1.2508653,54.917995,0.0,0.0
397,spec1d.vdgc8.050.sgr395.fits.gz,21.444836,3.1021461,3.762603,-46.552204,6.234313,6.0241675
398,spec1d.vdgc8.051.sgr403.fits.gz,-20.103907,1.2308515,1.1507962,183.93726,4.903392,3.2422428
399,spec1d.vdgc8.052.sgr405.fits.gz,-23.60633,1.2708791,1.1808169,-106.97401,3.4023538,1.9413431
400,spec1d.vdgc8.053.sgr415.fits.gz,-31.38171,2.7819245,2.821952,-41.06841,13.459311,12.7188
401,spec1d.vdgc8.054.sgr429.fits.gz,7.705331,8.115615,9.936873,-8.315753,13.749513,8.165649
402,spec1d.vdgc8.055.sgr435.fits.gz,-24.857197,5.303669,5.0434895,13.929637,9.736736,10.707408
403,spec1d.vdgc8.056.sgr437.fits.gz,-24.466927,12.088364,19.013153,-35.60463,12.938951,12.928945
404,spec1d.vdgc8.057.sgr438.fits.gz,5.5338287,3.9026997,4.8633647,45.23129,6.6245832,24.807161
405,spec1d.vdgc8.058.sgr448.fits.gz,-16.051104,3.3222983,3.2122223,-63.483917,7.915476,15.941028
406,spec1d.vdgc8.059.sgr452.fits.gz,-15.350619,4.643212,4.1228523,-10.317138,71.36938,27.118761
407,spec1d.vdgc8.060.sgr455.fits.gz,-14.460003,1.7612184,1.6511422,297.44577,4.2229214,5.85405
408,spec1d.vdgc8.061.mst517.fits.gz,-1.0006922,7.034867,5.133551,-45.221283,8.966203,8.535906
409,spec1d.vdgc8.062.mst519.fits.gz,5.2236137,5.864057,8.085593,206.75304,12.248474,10.086979
410,spec1d.vdgc8.065.mst532.fits.gz,-37.736107,7.615268,10.287116,-23.236074,18.432753,9.486563
411,spec1d.vdgc8.066.mst561.fits.gz,-3.5224369,25.16741,55.08811,-448.79047,14.880295,24.136698
412,spec1d.vdgc9B.001.alg81.fits.gz,26.538359,0.36024922,0.37025616,6.8047075,0.6204293,0.8405815
413,spec1d.vdgc9B.002.alg86.fits.gz,-22.435522,0.67046386,0.5003461,-38.136383,1.3409277,0.95065767
414,spec1d.vdgc9B.003.alg91.fits.gz,-11.397885,0.20013845,0.2201523,15.370634,0.2701869,0.26018
415,spec1d.vdgc9B.004.alg111.fits.gz,-61.682674,0.16011077,0.15010384,-28.049404,0.2701869,0.2701869
416,spec1d.vdgc9B.005.alg121.fits.gz,11.557996,0.20013845,0.23015922,32.352383,0.2701869,0.33022848
417,spec1d.vdgc9B.007.gcA8.fits.gz,6.354396,0.7905469,0.5603877,-156.91855,2.2515576,1.7612184
418,spec1d.vdgc9B.008.gcA9.fits.gz,4.7032537,3.0120838,4.533136,1043.7821,5.914091,2.8119454
419,spec1d.vdgc9B.022.gcN122.fits.gz,-3.7926238,1.7311976,1.7412046,288.3495,0.70048463,0.69047767
420,spec1d.vdgc9B.024.gcN124.fits.gz,-6.8747563,0.70048463,0.5403738,117.19107,0.0,0.0
421,spec1d.vdgc9B.025.gcN125.fits.gz,-1.9013153,1.82126,1.8312669,186.91931,1.4309899,3.3022845
422,spec1d.vdgc9B.026.gcN126.fits.gz,-4.242935,0.42029074,0.5003461,121.49406,1.0207062,0.78054
423,spec1d.vdgc9B.027.gcN131.fits.gz,-7.8754487,3.2822707,3.7025614,190.45175,8.525898,6.5245137
424,spec1d.vdgc9B.028.gcN132.fits.gz,4.0828247,2.9020076,2.851973,214.82861,6.5545344,5.563849
425,spec1d.vdgc9B.029.gcN135.fits.gz,8.876141,1.7211907,1.8312669,60.53188,6.3944235,8.275725
426,spec1d.vdgc9B.030.gcN136.fits.gz,-2.591793,2.4216754,1.931336,105.873245,0.050034612,0.03002077
427,spec1d.vdgc9B.032.gcN139.fits.gz,-3.9327207,0.46031845,0.5603877,69.147835,1.3309207,1.56108
428,spec1d.vdgc9B.033.gcN140.fits.gz,-1.6211214,0.25017306,0.19013153,-36.475235,0.28019384,0.42029074
429,spec1d.vdgc9B.034.gcN143.fits.gz,-5.7539806,0.93064386,0.93064386,143.79948,1.1007615,1.0106992
430,spec1d.vdgc9B.035.gcN144.fits.gz,16.68154,8.595946,10.036943,1.6111146,8.0555725,6.2042923
431,spec1d.vdgc9B.036.gcN151.fits.gz,28.74989,3.2322361,4.903392,126.39744,22.025238,20.223991
432,spec1d.vdgc9B.037.gcN154.fits.gz,-41.868965,20.053873,22.215368,226.02637,0.0,0.0
433,spec1d.vdgc9B.038.gcN156.fits.gz,-4.6231985,1.5010384,1.7311976,282.10516,4.513122,3.6925545
434,spec1d.vdgc9B.039.gcN159.fits.gz,0.47032538,1.1107684,1.0106992,-97.87771,0.0,0.0
435,spec1d.vdgc9B.040.gcN171.fits.gz,115.54994,3.7926238,3.7225754,147.48203,1.2908931,1.7111838
436,spec1d.vdgc9B.041.gcN172.fits.gz,23.826483,33.152935,39.497326,-22.695702,3.9527345,7.8554344
437,spec1d.vdgc9B.042.vir288.fits.gz,-8.005538,0.8906162,0.8806092,79.94531,1.69117,1.4209831
438,spec1d.vdgc9B.043.vir289.fits.gz,-1.2108377,0.31021464,0.23015922,124.946434,0.73050535,0.8105607
439,spec1d.vdgc9B.044.vir290.fits.gz,-8.615961,0.78054,0.7505192,79.45497,1.6611491,3.1621876
440,spec1d.vdgc9B.045.vir294.fits.gz,-3.9427276,0.52036,0.4403046,33.813393,1.2508653,1.1307824
441,spec1d.vdgc9B.046.vir295.fits.gz,8.155642,0.34023538,0.33022848,124.79633,1.160803,1.1007615
442,spec1d.vdgc9B.047.vir296.fits.gz,16.141167,0.31021464,0.46031845,33.973503,1.541066,1.7812324
443,spec1d.vdgc9B.048.vir302.fits.gz,53.366917,0.21014537,0.17011769,-75.94254,1.3409277,2.1314745
444,spec1d.vdgc9B.049.sgr375.fits.gz,-6.1342435,0.96066463,1.0607338,-34.63396,4.763295,4.2929697
445,spec1d.vdgc9B.050.sgr377.fits.gz,-69.55812,9.646673,10.01693,-27.138775,7.3350744,6.8947697
446,spec1d.vdgc9B.051.sgr382.fits.gz,-12.218453,1.1808169,1.0207062,-29.410345,2.721883,1.7311976
447,spec1d.vdgc9B.052.sgr383.fits.gz,-9.086286,1.8512807,2.0314054,85.61923,5.4737864,5.103531
448,spec1d.vdgc9B.053.sgr387.fits.gz,-2.7519038,3.9427276,3.7826169,1.1107684,0.0,0.0
449,spec1d.vdgc9B.054.sgr388.fits.gz,-13.969664,7.525206,7.535213,171.7288,4.8133297,7.4651647
450,spec1d.vdgc9B.055.sgr389.fits.gz,9.13632,3.1621876,3.12216,-1.4409969,12.568695,13.739506
451,spec1d.vdgc9B.056.sgr391.fits.gz,12.518661,2.3015924,1.8612877,13.809553,4.803323,5.573856
452,spec1d.vdgc9B.061.mst526.fits.gz,4.673233,21.654982,41.348606,-41.74888,11.60803,7.985524
453,spec1d.vdgc9B.066.gcN138.fits.gz,6.744666,0.20013845,0.16011077,221.78343,0.4403046,0.46031845
454,spec1d.vugc1.000.NUC001.fits.gz,-23.48,0.23,0.18,1403.28,0.24,0.21
455,spec1d.vugc1.007.GCXL008.fits.gz,36.9,3.75,3.44,-544.81,4.99,3.6
456,spec1d.vugc1.009.GCXL011.fits.gz,58.58,7.6,5.66,-271.02,18.9,1.14
457,spec1d.vugc1.011.GCXL013.fits.gz,-23.91,5.61,6.78,1251.6,6.84,9.15
458,spec1d.vugc1.012.GCXL015.fits.gz,45.47,3.74,3.44,1452.44,7.26,5.45
459,spec1d.vugc1.014.GCXL017.fits.gz,-17.71,24.32,28.32,943.01,16.38,12.48
460,spec1d.vugc1.025.GCBL001.fits.gz,20.18,10.84,13.53,220.64,4.53,3.2
461,spec1d.vugc1.029.GCBL007.fits.gz,-30.3,0.32,0.3,-35.26,0.49,0.53
462,spec1d.vugc1.030.GCBL008.fits.gz,-8.24,48.57,29.95,-45.66,5.46,4.92
463,spec1d.vugc1.034.GCXO0018.fits.gz,-100.27,22.98,16.91,897.41,11.94,10.37
464,spec1d.vugc1.035.GCXO0024.fits.gz,9.39,23.21,12.52,776.02,7.45,9.11
465,spec1d.vugc1.036.GCXO0025.fits.gz,13.97,3.87,4.28,1253.65,72.61,52.65
466,spec1d.vugc1.044.GCXO0504.fits.gz,22.94,22.27,9.11,-28.63,25.85,14.91
467,spec1d.vugc1.045.GCXO0555.fits.gz,-20.9,9.09,8.36,1222.12,1.85,2.58
468,spec1d.vugc1.047.GCXO0598.fits.gz,43.27,69.47,97.02,1407.88,55.7,56.09
469,spec1d.vugc1.055.GCBO0200.fits.gz,-21.41,31.64,21.78,10.85,47.09,28.63
470,spec1d.vugc1.057.GCBO0339.fits.gz,4.27,13.19,14.37,-39.45,11.28,18.49
471,spec1d.vugc1.058.GCBO0358.fits.gz,-37.3,7.94,5.51,-6.81,6.25,2.86
472,spec1d.vugc1.063.GCBO0422.fits.gz,9.99,6.74,5.4,859.37,5.85,7.77
473,spec1d.vugc1.069.VOD0045.fits.gz,-10.95,1.69,2.01,102.6,0.71,0.84
474,spec1d.vugc1.070.VOD0057.fits.gz,-6.21,0.76,0.65,-6.72,1.96,1.53
475,spec1d.vugc1.071.SGR0015.fits.gz,-56.49,5.95,7.19,-12.65,0.05,12.57
476,spec1d.vugc1.072.SGR0077.fits.gz,29.33,3.79,3.01,12.05,4.8,4.59
477,spec1d.vugc1.073.SGR0117.fits.gz,-12.38,7.39,5.88,15.39,35.27,37.19
478,spec1d.vugc1.075.SGR0153.fits.gz,13.18,5.24,4.34,-7.32,6.26,6.25
479,spec1d.vugc5.000.NUC001.fits.gz,8.05,0.49,0.77,1057.18,1.33,1.22
480,spec1d.vugc5.005.GCXL005.fits.gz,11.4,9.0,7.49,-22.07,0.53,0.02
481,spec1d.vugc5.008.GCXL010.fits.gz,9.66,0.44,0.44,-223.48,0.73,0.58
482,spec1d.vugc5.009.GCXL012.fits.gz,-25.33,1.88,2.04,-7.82,4.01,4.07
483,spec1d.vugc5.012.GCXL016.fits.gz,6.71,4.05,4.1,1841.3,6.94,6.37
484,spec1d.vugc5.014.GCXF001.fits.gz,-3.75,17.77,9.85,-79.13,13.92,9.27
485,spec1d.vugc5.016.GCXF004.fits.gz,-115.46,29.15,24.26,-17.02,7.63,7.38
486,spec1d.vugc5.028.GCXO0056.fits.gz,-18.95,1.08,1.39,-20.13,2.47,2.69
487,spec1d.vugc5.029.GCXO0090.fits.gz,-2.14,23.28,15.04,-193.13,14.26,10.78
488,spec1d.vugc5.032.GCXO0211.fits.gz,-16.77,4.25,6.4,198.7,7.05,4.77
489,spec1d.vugc5.033.GCXO0255.fits.gz,10.72,0.59,0.52,22.66,0.75,1.17
490,spec1d.vugc5.037.GCBO0164.fits.gz,-8.76,3.18,2.75,239.85,5.9,5.0
491,spec1d.vugc5.039.GCBO0241.fits.gz,-37.07,0.35,0.27,8.58,0.32,0.24
492,spec1d.vugc5.041.VOD0020.fits.gz,-0.91,0.64,0.79,21.29,1.35,1.34
493,spec1d.vugc5.042.VOD0039.fits.gz,-15.47,2.26,1.81,25.64,2.53,2.64
494,spec1d.vugc5.043.VOD0040.fits.gz,-19.64,0.52,0.43,-136.9,1.34,2.23
495,spec1d.vugc5.044.VOD0047.fits.gz,41.86,0.35,0.33,30.69,1.0,0.61
496,spec1d.vugc5.045.VOD0054.fits.gz,3.45,0.21,0.16,-110.48,0.74,0.75
497,spec1d.vugc5.046.SGR0030.fits.gz,-22.2,3.22,4.85,-49.93,5.83,5.19
498,spec1d.vugc5.047.SGR0043.fits.gz,-16.34,1.85,1.61,200.17,4.25,2.95
499,spec1d.vugc5.048.SGR0088.fits.gz,-7.88,3.18,3.37,-74.97,16.74,14.39
500,spec1d.vugc5.049.SGR0140.fits.gz,33.63,14.91,18.24,-107.87,0.01,0.21
501,spec1d.vugc6.000.NUC001.fits.gz,19.63,1.51,1.32,2122.92,2.11,2.41
502,spec1d.vugc6.013.GCXO0011.fits.gz,37.7,0.16,0.18,92.68,1.67,2.17
503,spec1d.vugc6.014.GCXO0027.fits.gz,3.04,1.43,1.07,-83.33,1.64,1.88
504,spec1d.vugc6.016.GCXO0063.fits.gz,-1.94,14.97,10.2,-134.71,25.31,25.49
505,spec1d.vugc6.017.GCXO0066.fits.gz,29.81,9.58,15.92,-69.55,8.09,11.73
506,spec1d.vugc6.021.GCXO0092.fits.gz,-1.75,28.15,13.33,1119.36,12.66,12.52
507,spec1d.vugc6.024.GCXO0118.fits.gz,-87.58,31.77,31.41,236.24,21.49,19.39
508,spec1d.vugc6.026.GCXO0200.fits.gz,-11.65,2.97,2.53,179.59,3.41,4.07
509,spec1d.vugc6.027.GCXO0211.fits.gz,35.72,0.24,0.2,-87.73,0.5,0.5
510,spec1d.vugc6.033.GCBO0018.fits.gz,7.46,0.92,0.92,243.3,1.67,1.23
511,spec1d.vugc6.040.serendip1.fits.gz,-11.03,3.93,3.42,251.11,3.8,2.78
512,spec1d.vugc6.045.VOD0030.fits.gz,19.52,0.37,0.61,8.58,0.59,0.41
513,spec1d.vugc6.046.VOD0049.fits.gz,21.67,1.16,1.26,-135.01,2.31,2.17
514,spec1d.vugc6.047.VOD0053.fits.gz,-2.16,0.64,0.86,180.34,1.32,1.82
515,spec1d.vugc6.048.SGR0006.fits.gz,33.47,11.23,12.6,18.63,6.91,15.84
516,spec1d.vugc6.049.SGR0039.fits.gz,16.23,3.13,2.9,-5.02,7.3,4.42
517,spec1d.vugc6.050.SGR0044.fits.gz,8.28,1.82,1.53,-30.82,2.88,5.08
518,spec1d.vugc6.051.SGR0085.fits.gz,32.62,1.94,2.34,6.67,5.56,4.37
519,spec1d.vugc6.052.SGR0105.fits.gz,20.78,1.26,0.92,-37.48,3.53,3.67
520,spec1d.vugc6.053.SGR0118.fits.gz,-5.88,5.91,6.04,-15.34,17.21,15.33
521,spec1d.vugc6.054.SGR0123.fits.gz,5.09,3.97,4.17,43.62,7.42,12.75
522,spec1d.vugc6.055.SGR0130.fits.gz,43.92,0.83,0.96,134.32,3.14,3.06
523,spec1d.vugc6.056.serendip1.fits.gz,16.85,2.65,3.69,-21.63,9.0,5.6
524,spec1d.vugc6.058.SGR0175.fits.gz,10.56,7.35,6.03,92.59,5.21,2.39
525,spec1d.vugc6.059.SGR0179.fits.gz,52.06,2.74,2.75,6.45,5.06,8.65
526,spec1d.vdgc1.007.nuc5.fits.gz,-0.5603877,0.78054,0.5303669,1825.7831,1.2608724,1.4409969
527,spec1d.vdgc1.008.nuc6.fits.gz,0.24016616,0.73050535,0.6304362,1349.0332,1.541066,1.5510731
528,spec1d.vdgc1.009.nuc7.fits.gz,7.385109,0.7405123,0.8105607,1670.976,3.2022152,2.5317514
529,spec1d.vdgc2.006.nuc5.fits.gz,1.0607338,0.86059535,0.7905469,1027.9011,1.0807476,1.2108377
530,spec1d.vdgc2.007.nuc6.fits.gz,31.852036,0.78054,0.7905469,991.3758,1.2208445,1.3209139
531,spec1d.vdgc2.008.nuc7.fits.gz,1.56108,4.963434,4.062811,1440.5867,5.653911,5.153565
532,spec1d.vdgc3.007.nuc5.fits.gz,-8.165649,3.7325823,4.533136,1080.4575,8.425829,10.53729
533,spec1d.vdgc3.008.nuc6.fits.gz,-6.934798,0.99068534,0.93064386,814.0932,1.6411353,1.3409277
534,spec1d.vdgc4B.004.nuc5.fits.gz,-4.252942,1.3509345,1.541066,1537.7338,1.9213293,2.9120145
535,spec1d.vdgc4B.005.nuc7.fits.gz,-8.736044,0.61042225,0.52036,1111.2688,1.1107684,0.93064386
536,spec1d.vdgc4B.058.nuc6.fits.gz,2.08144,0.5303669,0.43029767,-507.8113,0.95065767,1.2108377
537,spec1d.vdgc4B.059.nuc8.fits.gz,3.082132,0.72049844,0.78054,2009.5803,0.95065767,1.0707407
538,spec1d.vdgc5.005.nuc6.fits.gz,-17.392033,2.3816476,3.1721945,1903.1466,0.010006923,0.32022154
539,spec1d.vdgc6.005.nuc5.fits.gz,-2.3115993,0.66045696,0.70048463,2077.6475,0.42029074,0.41028383
540,spec1d.vdgc6.006.nuc6.fits.gz,-0.19013153,0.98067844,0.78054,2268.9497,2.9020076,2.34162
541,spec1d.vdgc7.006.nuc5.fits.gz,-8.425829,0.69047767,1.1307824,1559.8992,1.1107684,1.1007615
542,spec1d.vdgc7.007.nuc6.fits.gz,-8.816099,0.06004154,0.090062305,2813.6167,0.14009692,0.18012461
543,spec1d.vdgc8.005.nuc5.fits.gz,-14.640128,0.47032538,0.52036,634.5189,0.66045696,0.66045696
544,spec1d.vdgc8.006.nuc6.fits.gz,-3.9727485,0.18012461,0.21014537,585.375,0.24016616,0.29020074
545,spec1d.vdgc8.007.nuc7.fits.gz,0.06004154,1.3609415,1.2108377,1671.2062,1.7412046,2.0514193
546,spec1d.vdgc9B.006.nuc6.fits.gz,-20.58424,2.2615647,2.3816476,1744.6469,29.550444,34.143623
